TEAM_ABBREVIATION,SEASON,POSITION,GP,PTS,AST,REB,FG3M,PTS_RANK,AST_RANK,REB_RANK,FG3M_RANK
ATL,2024,C,51,14.8,3.0,9.1,0.5,6,8,9,5
ATL,2024,F,271,7.1,1.6,2.9,0.9,10,4,9,10
ATL,2024,G,47,10.9,4.6,2.9,1.2,1,1,1,1
ATL,2025,C,50,14.9,3.0,8.1,0.7,8,8,8,8
ATL,2025,F,298,6.0,1.3,2.6,0.6,1,1,1,1
ATL,2025,G,65,13.0,4.6,3.0,1.1,5,3,1,1
ATL,2026,C,32,15.6,3.2,7.8,0.9,9,10,2,14
ATL,2026,F,237,6.6,1.3,2.3,0.7,3,2,1,1
ATL,2026,G,41,14.4,5.0,3.3,1.6,8,6,9,7
CHI,2024,C,51,16.0,3.3,8.7,0.5,8,10,7,5
CHI,2024,F,270,6.8,1.7,2.8,0.7,8,10,6,2
CHI,2024,G,46,14.0,5.0,3.2,1.5,9,7,3,8
CHI,2025,C,52,14.3,3.1,6.5,0.9,5,10,1,13
CHI,2025,F,302,6.9,1.5,2.9,0.8,9,5,6,5
CHI,2025,G,66,14.5,5.0,3.4,1.7,12,7,5,12
CHI,2026,C,34,17.1,3.6,9.7,0.7,13,13,14,10
CHI,2026,F,246,7.0,1.3,2.9,0.7,6,2,14,1
CHI,2026,G,39,14.8,5.4,3.8,1.3,12,8,15,2
CON,2024,C,52,13.9,2.4,8.2,0.4,2,3,2,2
CON,2024,F,276,5.7,1.5,2.5,0.6,1,2,1,1
CON,2024,G,50,12.8,4.7,3.0,1.2,5,3,2,1
CON,2025,C,54,15.6,3.3,8.4,0.7,11,12,10,8
CON,2025,F,319,6.5,1.5,2.7,0.8,5,5,2,5
CON,2025,G,62,13.8,4.9,3.9,1.5,8,6,12,7
CON,2026,C,29,15.3,2.5,8.0,0.4,6,1,4,1
CON,2026,F,238,7.0,1.5,2.8,0.7,6,11,11,1
CON,2026,G,39,14.9,5.1,2.8,1.7,13,7,3,10
DAL,2024,C,51,17.3,3.3,8.3,0.7,11,10,3,11
DAL,2024,F,287,7.7,1.8,2.6,0.9,12,12,2,10
DAL,2024,G,47,12.8,5.1,3.3,1.2,5,9,5,1
DAL,2025,C,55,15.2,3.0,7.5,0.7,9,8,2,8
DAL,2025,F,305,7.3,1.7,2.9,0.9,13,12,6,10
DAL,2025,G,62,12.9,5.4,3.6,1.6,4,13,8,10
DAL,2026,C,38,18.0,2.9,8.7,0.6,14,6,7,7
DAL,2026,F,229,6.7,1.3,2.7,0.7,4,2,10,1
DAL,2026,G,47,13.6,5.7,3.4,1.5,4,10,11,3
GSV,2025,C,52,14.1,2.7,7.9,0.5,3,3,5,4
GSV,2025,F,292,6.2,1.4,2.9,0.9,2,3,6,10
GSV,2025,G,66,12.2,4.4,3.2,1.4,2,1,2,4
GSV,2026,C,38,14.6,2.5,9.0,0.5,3,1,10,3
GSV,2026,F,229,6.1,1.2,2.5,0.7,1,1,4,1
GSV,2026,G,42,12.5,4.9,3.2,1.8,1,4,7,13
IND,2024,C,52,16.1,3.3,9.1,0.4,9,10,9,2
IND,2024,F,268,7.0,1.6,2.6,0.9,9,4,2,10
IND,2024,G,54,14.6,4.9,3.3,2.0,11,6,5,10
IND,2025,C,48,16.1,2.7,7.8,0.8,12,3,4,12
IND,2025,F,303,6.4,1.4,2.7,0.6,4,3,2,1
IND,2025,G,67,13.1,4.4,3.6,1.3,6,1,8,3
IND,2026,C,33,16.1,3.3,7.8,0.4,12,11,2,1
IND,2026,F,238,7.3,1.4,2.6,0.7,13,7,6,1
IND,2026,G,43,14.3,4.9,2.5,1.2,7,4,1,1
LAS,2024,C,50,17.5,3.0,8.5,0.6,12,8,5,9
LAS,2024,F,273,6.6,1.6,2.8,0.7,5,4,6,2
LAS,2024,G,48,15.9,5.6,3.5,2.1,12,12,8,11
LAS,2025,C,46,16.8,3.3,9.0,0.7,13,12,13,8
LAS,2025,F,309,7.0,1.7,2.8,0.9,11,12,5,10
LAS,2025,G,63,15.2,5.2,3.4,2.0,13,12,5,13
LAS,2026,C,32,15.4,4.0,9.0,0.5,7,15,10,3
LAS,2026,F,240,7.7,1.5,2.8,0.9,15,11,11,13
LAS,2026,G,39,14.5,5.6,3.3,1.7,9,9,9,10
LVA,2024,C,51,14.1,2.6,9.5,0.5,4,6,11,5
LVA,2024,F,278,7.1,1.6,2.8,0.8,10,4,6,7
LVA,2024,G,41,13.5,5.3,3.6,1.3,8,10,10,4
LVA,2025,C,49,14.1,3.1,8.6,0.5,3,10,12,4
LVA,2025,F,309,6.8,1.5,3.0,0.7,8,5,11,3
LVA,2025,G,55,13.8,5.0,3.3,1.5,8,7,4,7
LVA,2026,C,38,15.5,3.0,8.8,0.8,8,7,8,11
LVA,2026,F,258,6.9,1.3,2.5,0.8,5,2,4,8
LVA,2026,G,38,13.7,4.6,3.4,1.5,5,2,11,3
MIN,2024,C,54,14.3,2.2,8.6,0.4,5,2,6,2
MIN,2024,F,278,6.2,1.4,2.9,0.7,2,1,9,2
MIN,2024,G,46,11.4,5.0,3.2,1.4,2,7,3,6
MIN,2025,C,45,13.3,2.4,8.0,0.6,1,2,6,6
MIN,2025,F,307,6.6,1.5,3.0,0.8,6,5,11,5
MIN,2025,G,57,13.2,4.7,3.2,1.5,7,4,2,7
MIN,2026,C,36,12.8,2.6,8.5,0.5,1,3,5,3
MIN,2026,F,251,7.1,1.5,2.6,0.9,8,11,6,13
MIN,2026,G,45,13.5,4.8,3.1,1.5,3,3,6,3
NYL,2024,C,53,12.1,2.1,7.5,0.3,1,1,1,1
NYL,2024,F,285,6.5,1.6,2.6,0.7,3,4,2,2
NYL,2024,G,45,12.6,4.6,3.5,1.5,4,1,8,8
NYL,2025,C,51,14.6,2.8,8.3,0.4,7,7,9,1
NYL,2025,F,295,6.9,1.5,2.9,0.9,9,5,6,10
NYL,2025,G,61,12.6,4.8,4.3,1.4,3,5,13,4
NYL,2026,C,33,15.2,3.7,7.5,0.5,5,14,1,3
NYL,2026,F,249,7.3,1.4,2.6,0.9,13,7,6,13
NYL,2026,G,40,13.9,5.7,2.9,1.5,6,10,4,3
PDX,2026,C,37,18.5,3.0,9.6,0.8,15,7,13,11
PDX,2026,F,243,7.1,1.7,2.4,0.8,8,15,2,8
PDX,2026,G,41,12.9,5.8,3.2,1.8,2,13,7,13
PHO,2024,C,52,16.2,2.8,8.9,0.8,10,7,8,12
PHO,2024,F,280,6.7,1.7,2.9,0.8,6,10,9,7
PHO,2024,G,47,14.3,5.5,4.1,2.2,10,11,12,12
PHX,2025,C,53,13.5,2.3,8.4,0.4,2,1,10,1
PHX,2025,F,294,6.2,1.3,2.9,0.8,2,1,6,5
PHX,2025,G,72,13.8,5.0,3.4,1.4,8,7,5,4
PHX,2026,C,33,14.4,3.1,8.8,0.8,2,9,8,11
PHX,2026,F,258,7.1,1.4,2.8,0.8,8,7,11,8
PHX,2026,G,45,14.6,6.1,3.4,2.1,10,14,11,15
SEA,2024,C,51,15.4,2.5,9.6,0.6,7,4,12,9
SEA,2024,F,275,6.5,1.5,2.9,0.7,3,2,9,2
SEA,2024,G,49,11.5,4.7,3.3,1.3,3,3,5,4
SEA,2025,C,51,14.3,2.7,8.0,0.4,5,3,6,1
SEA,2025,F,308,6.7,1.5,3.2,0.7,7,5,13,3
SEA,2025,G,53,13.9,5.0,3.8,1.6,11,7,11,10
SEA,2026,C,36,15.9,2.7,8.5,0.9,10,4,5,14
SEA,2026,F,254,7.1,1.5,3.0,0.8,8,11,15,8
SEA,2026,G,40,15.7,5.7,3.6,1.6,15,10,14,7
TOR,2026,C,36,15.9,2.7,9.2,0.6,10,4,12,7
TOR,2026,F,237,7.1,1.4,2.6,0.8,8,7,6,8
TOR,2026,G,42,15.4,6.3,2.9,1.6,14,15,4,7
WAS,2024,C,57,14.0,2.5,8.4,0.5,3,4,4,5
WAS,2024,F,283,6.7,1.6,2.7,0.8,6,4,5,7
WAS,2024,G,46,13.2,4.7,3.7,1.4,7,3,11,6
WAS,2025,C,50,15.4,2.7,7.7,0.6,10,3,3,6
WAS,2025,F,299,7.0,1.5,2.7,0.8,11,5,2,5
WAS,2025,G,62,11.6,5.0,3.7,1.1,1,7,10,1
WAS,2026,C,27,14.6,3.4,9.7,0.6,3,12,14,7
WAS,2026,F,244,6.3,1.3,2.4,0.7,2,2,2,1
WAS,2026,G,43,14.7,4.3,2.7,1.7,11,1,2,10
