PLAYER_ID,PLAYER_NAME,TEAM_ABBREVIATION,POSITION,SEASON
1630142,Leonie Fiebich,NYL,F,2024
1630442,Natasha Mack,PHO,F,2024
204329,Kiah Stokes,LVA,F,2024
1628922,Azura Stevens,LAS,C,2024
1631007,Veronica Burton,CON,F,2024
1629501,Alanna Smith,MIN,F,2024
1629567,Natisha Hiedeman,MIN,F,2024
203024,Damiris Dantas,IND,F,2024
204365,Erica Wheeler,IND,F,2024
1627701,Temi Fagbenle,IND,F,2024
1629478,Katie Lou Samuelson,IND,F,2024
1641648,Aliyah Boston,IND,C,2024
1641658,Grace Berger,IND,F,2024
204330,Isabelle Harrison,CHI,F,2024
1629488,Brianna Turner,CHI,F,2024
1628277,Allisha Gray,ATL,F,2024
203866,Kayla Thornton,NYL,F,2024
1627668,Breanna Stewart,NYL,C,2024
203398,Brittney Griner,PHO,C,2024
202641,Sydney Colson,LVA,F,2024
1629484,Megan Gustafson,LVA,F,2024
1628915,Kia Nurse,LAS,F,2024
1641660,Zia Cooke,LAS,F,2024
1642288,Rickea Jackson,LAS,F,2024
1642292,Jacy Sheldon,DAL,F,2024
1631021,Sika Kone,WAS,F,2024
1631141,Jade Melbourne,WAS,F,2024
201886,DeWanna Bonner,CON,F,2024
1630112,Tyasha Harris,CON,F,2024
1628929,Kristy Wallace,IND,F,2024
1642286,Caitlin Clark,IND,F,2024
1628927,Victoria Vivians,SEA,F,2024
1630115,Joyner Holmes,SEA,F,2024
1628273,Kaela Davis,CHI,F,2024
1630446,Michaela Onyenwere,CHI,F,2024
1628269,Nia Coffey,ATL,F,2024
1630471,Maya Caldwell,ATL,F,2024
1642534,Ezinne Kalu,ATL,F,2024
204335,Betnijah Laney-Hamilton,NYL,F,2024
1629477,Sabrina Ionescu,NYL,G,2024
1642301,Marquesha Davis,NYL,F,2024
204333,Natasha Cloud,PHO,G,2024
1627674,Kahleah Copper,PHO,F,2024
1630114,Mikiah Herbert Harrigan,PHO,F,2024
203824,Odyssey Sims,LAS,G,2024
204324,Dearica Hamby,LAS,C,2024
1641652,Maddy Siegrist,DAL,F,2024
203828,Stefanie Dolson,WAS,F,2024
1628878,Ariel Atkins,WAS,F,2024
1631083,Emily Engstler,WAS,F,2024
1642210,Julie Vanloo,WAS,G,2024
1628508,Cecilia Zandalasini,MIN,F,2024
1641649,Diamond Miller,MIN,F,2024
1642293,Alissa Pili,MIN,F,2024
1631086,Lexie Hull,IND,F,2024
1641687,Victaria Saxton,IND,F,2024
1628931,Gabby Williams,SEA,G,2024
1642299,Nika Muhl,SEA,F,2024
1627671,Rachel Banham,CHI,F,2024
1628263,Lindsay Allen,CHI,G,2024
202250,Tina Charles,ATL,C,2024
1631044,Naz Hillmon,ATL,F,2024
1629568,Kennedy Burke,NYL,F,2024
1631055,Nyara Sabally,NYL,F,2024
1629482,Sophie Cunningham,PHO,F,2024
1642298,Celeste Taylor,PHO,F,2024
202252,Alysha Clark,LVA,F,2024
1631006,Kierstan Bell,LVA,F,2024
1631031,Queen Egbo,LVA,F,2024
203855,Stephanie Talbot,LAS,F,2024
1630996,Rae Burrell,LAS,F,2024
203827,Natasha Howard,DAL,C,2024
1641661,Lou Lopez Senechal,DAL,F,2024
1628278,Shatori Walker-Kimbrough,WAS,F,2024
1628279,Brittney Sykes,WAS,F,2024
1628317,Karlie Samuelson,WAS,F,2024
1630134,Sug Sutton,WAS,F,2024
203826,Alyssa Thomas,CON,C,2024
203838,Astou Ndour-Fall,CON,F,2024
1628280,Brionna Jones,CON,F,2024
1629497,Marina Mabrey,CON,G,2024
1631135,Olivia Nelson-Ododa,CON,F,2024
1629524,Bridget Carleton,MIN,F,2024
1630151,Olivia Epoupa,MIN,F,2024
203400,Skylar Diggins,SEA,G,2024
1631009,Rhyne Howard,ATL,F,2024
1631032,Lorela Cubaj,ATL,F,2024
1641650,Haley Jones,ATL,F,2024
1641656,Laeticia Amihere,ATL,F,2024
202664,Courtney Vandersloot,NYL,G,2024
1627673,Jonquel Jones,NYL,C,2024
1642320,Jaylyn Sherrod,NYL,F,2024
100940,Diana Taurasi,PHO,F,2024
1628881,Monique Billings,PHO,F,2024
1631056,Amy Atwell,PHO,F,2024
203026,Tiffany Hayes,LVA,F,2024
1642324,Kate Martin,LVA,F,2024
1630101,Crystal Dangerfield,LAS,F,2024
1629480,Kalani Brown,DAL,F,2024
1630149,Satou Sabally,DAL,F,2024
1627675,Courtney Williams,MIN,G,2024
1628899,Myisha Hines-Allen,MIN,F,2024
1628909,Kelsey Mitchell,IND,F,2024
1631019,NaLyssa Smith,IND,C,2024
203014,Nneka Ogwumike,SEA,C,2024
1641651,Jordan Horston,SEA,F,2024
1628886,Jordin Canada,ATL,G,2024
1629574,Li Yueru,LAS,F,2024
1642240,Jaelyn Brown,DAL,F,2024
1642244,Sevgi Uzun,DAL,F,2024
1630096,DiJonai Carrington,CON,F,2024
1641698,Caitlin Bickle,CON,F,2024
1628244,Sami Whitcomb,SEA,F,2024
1628920,Mercedes Russell,SEA,F,2024
1627669,Moriah Jefferson,CHI,F,2024
1630389,Dana Evans,CHI,F,2024
1628276,Kelsey Plum,LVA,G,2024
1641602,Ivana Dojkić,NYL,F,2024
203833,Chelsea Gray,LVA,G,2024
1629483,Napheesa Collier,MIN,C,2024
1629498,Jackie Young,LVA,G,2024
1628932,A'ja Wilson,LVA,C,2024
203825,Kayla McBride,MIN,F,2024
1630150,Chennedy Carter,CHI,F,2024
1641657,Dorka Juhasz,MIN,F,2024
1629479,Teaira McCowan,DAL,C,2024
1642289,Kamilla Cardoso,CHI,C,2024
1629481,Arike Ogunbowale,DAL,G,2024
1629496,Ezi Magbegor,SEA,C,2024
1642290,Aaliyah Edwards,WAS,F,2024
204319,Jewell Loyd,SEA,G,2024
204333,Natasha Cloud,NYL,G,2025
1628244,Sami Whitcomb,PHX,F,2025
1630996,Rae Burrell,LAS,F,2025
1629539,Amy Okonkwo,DAL,F,2025
1641658,Grace Berger,DAL,F,2025
1642793,Aziaha James,DAL,F,2025
203825,Kayla McBride,MIN,G,2025
1630446,Michaela Onyenwere,CHI,F,2025
1642818,Maddy Westbeld,CHI,F,2025
1628881,Monique Billings,GSV,F,2025
1631007,Veronica Burton,GSV,G,2025
1642767,Janelle Salaun,GSV,F,2025
1627673,Jonquel Jones,NYL,C,2025
1629480,Kalani Brown,PHX,F,2025
1631118,Lexi Held,PHX,F,2025
1629484,Megan DiLeo,LVA,F,2025
1641650,Haley Jones,DAL,F,2025
1641652,Maddy Siegrist,DAL,F,2025
1642828,Ajae Petty,DAL,F,2025
1629524,Bridget Carleton,MIN,F,2025
1642797,Anastasiia Olairi Kosu,MIN,F,2025
1627701,Temi Fagbenle,GSV,F,2025
203416,Emma Meesseman,NYL,F,2025
204330,Isabelle Harrison,NYL,F,2025
1630142,Leonie Fiebich,NYL,F,2025
1631055,Nyara Sabally,NYL,F,2025
203826,Alyssa Thomas,PHX,C,2025
1627674,Kahleah Copper,PHX,F,2025
1628957,Kathryn Westbeld,PHX,F,2025
204319,Jewell Loyd,LVA,F,2025
204323,Cheyenne Parker-Tyus,LVA,F,2025
1628932,A'ja Wilson,LVA,C,2025
1629498,Jackie Young,LVA,G,2025
1631019,NaLyssa Smith,LVA,F,2025
204324,Dearica Hamby,LAS,C,2025
1628922,Azura Stevens,LAS,C,2025
1642210,Julie Vanloo,LAS,F,2025
1642287,Cameron Brink,LAS,F,2025
1631090,Christyn Williams,DAL,F,2025
1627675,Courtney Williams,MIN,G,2025
1627671,Rachel Banham,CHI,F,2025
1628915,Kia Nurse,CHI,F,2025
1630097,Kaila Charles,GSV,F,2025
1641656,Laeticia Amihere,GSV,F,2025
1629546,Marine Johannes,NYL,F,2025
1629568,Kennedy Burke,NYL,F,2025
1630149,Satou Sabally,PHX,F,2025
1630461,Kiana Williams,PHX,F,2025
1642777,Monique Akoa Makani,PHX,F,2025
204329,Kiah Stokes,LVA,F,2025
1642801,Aaliyah Nye,LVA,F,2025
1628276,Kelsey Plum,LAS,G,2025
1642782,Sarah Ashlee Barker,LAS,F,2025
1628899,Myisha Hines-Allen,DAL,F,2025
1641649,Diamond Miller,DAL,F,2025
1642784,Paige Bueckers,DAL,G,2025
1629483,Napheesa Collier,MIN,C,2025
1629491,Jessica Shepard,MIN,C,2025
1642320,Jaylyn Sherrod,MIN,F,2025
1642324,Kate Martin,GSV,F,2025
203822,Rebekah Gardner,NYL,F,2025
203855,Stephanie Talbot,NYL,F,2025
1627668,Breanna Stewart,NYL,C,2025
203833,Chelsea Gray,LVA,G,2025
1630389,Dana Evans,LVA,F,2025
1628242,Emma Cannon,LAS,F,2025
1642293,Alissa Pili,LAS,F,2025
1629501,Alanna Smith,MIN,F,2025
1629567,Natisha Hiedeman,MIN,F,2025
1642244,Sevgi Uzun,CHI,F,2025
1642289,Kamilla Cardoso,CHI,C,2025
1630387,Iliana Rupert,GSV,F,2025
1642304,Carla Leite,GSV,F,2025
1642822,Kaitlyn Chen,GSV,F,2025
1629477,Sabrina Ionescu,NYL,G,2025
1629490,Kitija Laksa,PHX,F,2025
1630442,Natasha Mack,PHX,F,2025
1642790,Sania Feagin,LAS,F,2025
1628926,Maria Kliundikova,MIN,F,2025
1642344,Camryn Taylor,MIN,F,2025
204296,Rebecca Allen,CHI,F,2025
1628508,Cecilia Zandalasini,GSV,F,2025
1628263,Lindsay Allen,CON,F,2025
1628278,Shatori Walker-Kimbrough,ATL,F,2025
1630471,Maya Caldwell,ATL,F,2025
1631044,Naz Hillmon,ATL,F,2025
1642804,Te-Hina Paopao,ATL,F,2025
1628886,Jordin Canada,ATL,G,2025
202250,Tina Charles,CON,F,2025
1629497,Marina Mabrey,CON,G,2025
1642290,Aaliyah Edwards,CON,F,2025
1642809,Saniya Rivers,CON,F,2025
1628269,Nia Coffey,ATL,F,2025
1631021,Sika Kone,ATL,F,2025
203863,Haley Peters,CON,F,2025
1642796,Rayah Marshall,CON,F,2025
1642841,Mamignan Toure,CON,F,2025
203398,Brittney Griner,ATL,F,2025
1631009,Rhyne Howard,ATL,G,2025
1642800,Aneesah Morrow,CON,C,2025
1628277,Allisha Gray,ATL,F,2025
1628280,Brionna Jones,ATL,C,2025
201886,DeWanna Bonner,PHX,F,2025
1627700,Julie Allemand,LAS,G,2025
1631141,Jade Melbourne,WAS,F,2025
204365,Erica Wheeler,SEA,F,2025
202252,Alysha Clark,WAS,F,2025
203828,Stefanie Dolson,WAS,F,2025
203024,Damiris Dantas,IND,F,2025
203035,Shey Peddy,IND,F,2025
1627672,Aerial Powers,IND,F,2025
1628931,Gabby Williams,SEA,G,2025
1642288,Rickea Jackson,LAS,F,2025
1630134,Sug Sutton,WAS,G,2025
1642785,Sonia Citron,WAS,F,2025
1642802,Lucy Olsen,WAS,F,2025
203824,Odyssey Sims,IND,G,2025
203014,Nneka Ogwumike,SEA,C,2025
203400,Skylar Diggins,SEA,G,2025
1628279,Brittney Sykes,SEA,G,2025
1631083,Emily Engstler,WAS,F,2025
1629488,Brianna Turner,IND,F,2025
204322,Elizabeth Williams,CHI,F,2025
1642792,Kiki Iriafen,WAS,C,2025
1628909,Kelsey Mitchell,IND,F,2025
1631086,Lexie Hull,IND,F,2025
1642815,Makayla Timpson,IND,F,2025
1629496,Ezi Magbegor,SEA,F,2025
1642798,Dominique Malonga,SEA,F,2025
1631022,Shakira Austin,WAS,F,2025
1642810,Madison Scott,WAS,F,2025
203827,Natasha Howard,IND,C,2025
1641648,Aliyah Boston,IND,C,2025
1631022,Shakira Austin,WAS,C,2024
1628890,Diamond DeShields,CHI,F,2024
1631006,Kierstan Bell,LVA,F,2025
1642788,Bree Hall,IND,F,2025
1642303,Leila Lacan,CON,G,2025
1642291,Angel Reese,CHI,C,2024
1627676,Tiffany Mitchell,SEA,F,2025
1628878,Ariel Atkins,CHI,G,2025
1630462,Aari McDonald,LAS,G,2024
1642291,Angel Reese,CHI,C,2025
1630096,DiJonai Carrington,MIN,F,2025
1642813,Serena Sundell,DAL,F,2025
203855,Stephanie Talbot,LVA,F,2026
1629488,Brianna Turner,LVA,F,2026
1631006,Kierstan Bell,LVA,F,2026
1643479,Ndjakalenga Mwenentanda,GSV,F,2026
1629498,Jackie Young,LVA,G,2026
203026,Tiffany Hayes,GSV,F,2026
204329,Kiah Stokes,GSV,F,2026
1628931,Gabby Williams,GSV,F,2026
1630097,Kaila Charles,GSV,F,2026
1642794,Juste Jocyte,GSV,F,2026
1628932,A'ja Wilson,LVA,C,2026
1628508,Cecilia Zandalasini,GSV,F,2026
1631019,NaLyssa Smith,LVA,F,2026
1642767,Janelle Salaun,GSV,F,2026
1642822,Kaitlyn Chen,GSV,F,2026
203833,Chelsea Gray,LVA,G,2026
1630150,Chennedy Carter,LVA,F,2026
203866,Kayla Thornton,GSV,F,2026
1631007,Veronica Burton,GSV,G,2026
1641656,Laeticia Amihere,GSV,F,2026
1642817,Hailey Van Lith,CHI,F,2025
1629481,Arike Ogunbowale,DAL,G,2025
1630143,Luisa Geiselsoder,DAL,F,2025
1642808,JJ Quinerly,DAL,F,2025
202664,Courtney Vandersloot,CHI,G,2025
1629479,Teaira McCowan,DAL,F,2025
1629571,Morgan Bertsch,PHO,F,2024
1627672,Aerial Powers,ATL,F,2024
1641700,Liz Dixon,PHO,F,2024
1641654,Stephanie Soares,DAL,F,2024
1627676,Tiffany Mitchell,CON,F,2024
204323,Cheyenne Parker-Tyus,ATL,F,2024
1630459,DiDi Richards,WAS,F,2024
203014,Nneka Ogwumike,LAS,C,2026
204365,Erica Wheeler,LAS,G,2026
1630996,Rae Burrell,LAS,F,2026
1629568,Kennedy Burke,CON,F,2026
1631135,Olivia Nelson-Ododa,CON,F,2026
1642809,Saniya Rivers,CON,F,2026
1629482,Sophie Cunningham,IND,F,2026
1631086,Lexie Hull,IND,F,2026
1642815,Makayla Timpson,IND,F,2026
1629484,Megan DiLeo,PDX,F,2026
1629567,Natisha Hiedeman,SEA,G,2026
1643457,Teonni Key,TOR,F,2026
204324,Dearica Hamby,LAS,C,2026
1628878,Ariel Atkins,LAS,F,2026
203398,Brittney Griner,CON,F,2026
1629524,Bridget Carleton,PDX,F,2026
1643494,Frieda Buhner,PDX,F,2026
203828,Stefanie Dolson,SEA,F,2026
1628882,Lexie Brown,SEA,F,2026
1643428,Flau'jae Johnson,SEA,F,2026
1627700,Julie Allemand,TOR,G,2026
1629497,Marina Mabrey,TOR,G,2026
1631055,Nyara Sabally,TOR,F,2026
1643420,Laura Juskaite,TOR,F,2026
1643444,Ta'Niya Latson,LAS,F,2026
1643462,Chance Gray,LAS,F,2026
1642303,Leila Lacan,CON,G,2026
1642800,Aneesah Morrow,CON,C,2026
1643448,Nell Angloma,CON,F,2026
1630143,Luisa Geiselsoder,PDX,F,2026
1631141,Jade Melbourne,SEA,G,2026
1641651,Jordan Horston,SEA,F,2026
1643443,Awa Fam,SEA,F,2026
1629576,Maria Conde,TOR,F,2026
1642324,Kate Martin,LAS,F,2026
1643449,Charlisse Leger-Walker,CON,F,2026
1630112,Tyasha Harris,IND,F,2026
1641648,Aliyah Boston,IND,C,2026
1642286,Caitlin Clark,IND,G,2026
1643453,Grace VanSlooten,IND,F,2026
1631083,Emily Engstler,PDX,F,2026
1642296,Nyadiew Puoch,PDX,F,2026
1643506,Teja Oblak,PDX,F,2026
1629478,Katie Lou Samuelson,SEA,F,2026
1641660,Zia Cooke,SEA,F,2026
1642307,Mackenzie Holmes,SEA,F,2026
1628279,Brittney Sykes,TOR,F,2026
1643445,Kiki Rice,TOR,F,2026
1643647,Tima Pouye,TOR,F,2026
1642287,Cameron Brink,LAS,F,2026
1641649,Diamond Miller,CON,F,2026
1643429,Gianna Kneepkens,CON,F,2026
1643441,Raegan Beers,CON,F,2026
1628881,Monique Billings,IND,F,2026
1628899,Myisha Hines-Allen,IND,F,2026
1628909,Kelsey Mitchell,IND,F,2026
1643433,Raven Johnson,IND,F,2026
1642304,Carla Leite,PDX,G,2026
1642782,Sarah Ashlee Barker,PDX,F,2026
1628915,Kia Nurse,TOR,F,2026
1641683,Holly Winterburn,PDX,F,2026
202641,Sydney Colson,IND,F,2025
1629482,Sophie Cunningham,IND,F,2025
1628882,Lexie Brown,SEA,F,2025
1642301,Marquesha Davis,NYL,F,2025
1642295,Elizabeth Kitley,LVA,F,2025
1641641,Robyn Parks,CON,F,2025
203829,Bria Hartley,CON,F,2025
1642292,Jacy Sheldon,CON,F,2025
1642820,Liatu King,LAS,F,2025
1642763,Marième Badiane,MIN,F,2025
1642774,Murjanatu Musa,PHX,F,2025
1628920,Mercedes Russell,LAS,F,2025
1631135,Olivia Nelson-Ododa,CON,F,2025
1628317,Karlie Samuelson,MIN,F,2025
1629574,Li Yueru,SEA,F,2025
1641660,Zia Cooke,SEA,F,2025
1628882,Lexie Brown,LAS,F,2024
1642287,Cameron Brink,LAS,F,2024
204322,Elizabeth Williams,CHI,C,2024
1630438,Kysre Gondrezick,CHI,F,2024
1630461,Kiana Williams,SEA,F,2024
1641675,Dulcy Fankam Mendjiadeu,SEA,F,2024
1630142,Leonie Fiebich,NYL,F,2026
201886,DeWanna Bonner,PHX,F,2026
1627674,Kahleah Copper,PHX,F,2026
1630442,Natasha Mack,PHX,C,2026
1642768,Kyara Linskens,PHX,F,2026
1643493,Noemie Brochant,PHX,F,2026
1630446,Michaela Onyenwere,WAS,F,2026
1642781,Georgia Amoore,WAS,G,2026
1630471,Maya Caldwell,MIN,F,2026
1643426,Olivia Miles,MIN,G,2026
204333,Natasha Cloud,CHI,G,2026
1642289,Kamilla Cardoso,CHI,C,2026
1642786,Aicha Coulibaly,CHI,F,2026
1642804,Te-Hina Paopao,ATL,F,2026
204335,Betnijah Laney-Hamilton,NYL,F,2026
1627673,Jonquel Jones,NYL,C,2026
1629546,Marine Johannes,NYL,F,2026
1629566,Han Xu,NYL,F,2026
1642777,Monique Akoa Makani,PHX,F,2026
1642792,Kiki Iriafen,WAS,C,2026
1643455,Angela Dugalic,WAS,F,2026
1643644,Alicia Florez,WAS,F,2026
1627675,Courtney Williams,MIN,F,2026
1643436,Serah Williams,PDX,F,2026
1642321,Sydney Taylor,CHI,F,2026
1631009,Rhyne Howard,ATL,G,2026
1631044,Naz Hillmon,ATL,F,2026
1627668,Breanna Stewart,NYL,C,2026
1643505,Jovana Nogic,PHX,F,2026
1630148,Jihyun Park,LAS,F,2026
1642785,Sonia Citron,WAS,G,2026
1643467,Cassandre Prosper,WAS,F,2026
203827,Natasha Howard,MIN,C,2026
1628269,Nia Coffey,MIN,F,2026
1629479,Teaira McCowan,MIN,F,2026
1628277,Allisha Gray,ATL,F,2026
1628886,Jordin Canada,ATL,G,2026
1631021,Sika Kone,ATL,F,2026
1642302,Isobel Borlase,ATL,F,2026
1642801,Aaliyah Nye,ATL,F,2026
1643431,Madina Okot,ATL,F,2026
1643469,Indya Nivar,ATL,F,2026
203822,Rebekah Gardner,NYL,F,2026
1630149,Satou Sabally,NYL,F,2026
1631136,Pauline Astier,NYL,G,2026
203826,Alyssa Thomas,PHX,C,2026
1643427,Lauren Betts,WAS,F,2026
1643430,Cotie McMahon,WAS,F,2026
1643489,Antonia Delaere,MIN,F,2026
203400,Skylar Diggins,CHI,G,2026
1628922,Azura Stevens,CHI,C,2026
1642292,Jacy Sheldon,CHI,F,2026
204468,Valeriane Ayayi,PHX,F,2026
1631022,Shakira Austin,WAS,C,2026
1642797,Anastasiia Olairi Kosu,MIN,F,2026
1642820,Liatu King,MIN,F,2026
1628317,Karlie Samuelson,PDX,F,2026
1627671,Rachel Banham,CHI,F,2026
1643458,Saylor Poffenbarger,CHI,F,2026
1642291,Angel Reese,ATL,C,2026
204296,Rebecca Allen,NYL,F,2026
203825,Kayla McBride,MIN,F,2026
204322,Elizabeth Williams,CHI,F,2026
203866,Kayla Thornton,GSV,C,2025
1628242,Emma Cannon,LVA,F,2024
204319,Jewell Loyd,LVA,F,2026
203824,Odyssey Sims,DAL,F,2026
1641652,Maddy Siegrist,DAL,F,2026
1642784,Paige Bueckers,DAL,G,2026
1643425,Azzi Fudd,DAL,F,2026
1642793,Aziaha James,DAL,F,2026
1630386,Awak Kuier,DAL,F,2026
202252,Alysha Clark,DAL,F,2026
1629481,Arike Ogunbowale,DAL,F,2026
204323,Cheyenne Parker-Tyus,LVA,F,2026
1629491,Jessica Shepard,DAL,C,2026
1630384,Raquel Carrera,NYL,F,2026
1631118,Lexi Held,TOR,F,2026
1630461,Kiana Williams,PHX,F,2026
1643437,Ashlon Jackson,CON,F,2026
1642290,Aaliyah Edwards,CON,F,2026
1642817,Hailey Van Lith,CON,F,2026
1631263,Nikolina Milic,TOR,F,2026
1642773,Kariata Diaby,CON,F,2025
1630112,Tyasha Harris,DAL,F,2025
1642768,Kyara Linskens,GSV,F,2025
1642814,Taylor Thierry,ATL,F,2025
203406,Layshia Clarendon,LAS,F,2024
1630993,Anneli Maley,NYL,F,2026
1641695,Ashten Prechtel,GSV,F,2026
204325,Crystal Bradford,LVA,F,2025
1642300,Dyaisha Fair,LVA,F,2024
204296,Rebecca Allen,PHO,F,2024
1629501,Alanna Smith,DAL,F,2026
1642802,Lucy Olsen,WAS,F,2026
1643450,Rori Harmon,WAS,F,2026
1629477,Sabrina Ionescu,NYL,G,2026
1643438,Marta Suarez,PHX,F,2026
1629574,Li Yueru,DAL,F,2026
1642286,Caitlin Clark,IND,F,2025
1628276,Kelsey Plum,LAS,G,2026
1628242,Emma Cannon,LAS,F,2026
1643447,Gabriela Jaquez,CHI,F,2026
1629581,Emese Hof,MIN,F,2026
1630108,Mariella Fasoula,TOR,F,2026
1641667,Taylor Soule,MIN,F,2024
1630115,Joyner Holmes,SEA,F,2026
1642814,Taylor Thierry,SEA,F,2026
1643525,Alex Fowler,NYL,F,2026
1643490,Eliska Joklova,MIN,F,2026
1631039,Miela Sowah,GSV,F,2026
1642210,Julie Vanloo,NYL,G,2026
1643487,Quionche Carter,PHX,F,2026
203026,Tiffany Hayes,GSV,F,2025
1641650,Haley Jones,PDX,F,2026
1643473,Taina Mair,SEA,F,2026
1630134,Sug Sutton,PDX,F,2026
1628278,Shatori Walker-Kimbrough,IND,F,2026
1642775,Alex Wilson,WAS,F,2026
1642288,Rickea Jackson,CHI,F,2026
203024,Damiris Dantas,IND,F,2026
1628297,Alexis Prince,PHX,C,2025
1643488,Emma Cechova,MIN,F,2026
1642826,Aubrey Griffin,NYL,F,2026
1630154,Kamiah Smalls,PDX,F,2026
1642798,Dominique Malonga,SEA,C,2026
1642790,Sania Feagin,LAS,F,2026
1643527,Jordan Harrison,PDX,F,2026
1630138,Peyton Williams,PHX,F,2026
1627701,Temi Fagbenle,TOR,F,2026
1631064,Chloe Bibby,GSV,F,2025
1642240,Jaelyn Brown,CON,F,2025
1630115,Joyner Holmes,LVA,F,2025
1642307,Mackenzie Holmes,SEA,F,2025
1627669,Moriah Jefferson,CHI,F,2025
202664,Courtney Vandersloot,CHI,G,2026
1643686,Nadia Fingall,GSV,F,2026
1642294,Charisma Osborne,PHO,F,2024
1642788,Bree Hall,IND,F,2026
1643461,Laura Ziegler,LAS,F,2026
204330,Isabelle Harrison,TOR,F,2026
1643470,Shay Ciezki,PHX,F,2026
1629539,Amy Okonkwo,ATL,F,2026
1630462,Aari McDonald,IND,G,2025
1642818,Maddy Westbeld,CHI,F,2026
1642305,Jessika Carter,LVA,F,2024
1630469,Marine Fauthoux,NYL,F,2026
1642808,JJ Quinerly,DAL,F,2026
1643424,Costanza Verona,DAL,F,2026
1642799,Megan McConnell,PHX,F,2025
1642320,Jaylyn Sherrod,ATL,F,2026
1629496,Ezi Magbegor,SEA,F,2026
1628280,Brionna Jones,ATL,C,2026
1641657,Dorka Juhasz,MIN,F,2026
1629483,Napheesa Collier,MIN,C,2026
1631064,Chloe Bibby,CHI,F,2026
1630096,DiJonai Carrington,CHI,F,2026
1630389,Dana Evans,LVA,F,2026
1628244,Sami Whitcomb,PHX,F,2026
1643495,Justine Pissott,LVA,F,2026
1642769,Mai Yamamoto,LVA,F,2026
203405,Kayla Alexander,TOR,F,2026
1643440,Darianna Littlepage-Buggs,WAS,F,2026
1631089,Destanni Henderson,ATL,F,2024
1642309,Jakia Brown-Turner,WAS,F,2024
1642293,Alissa Pili,LAS,F,2026
1643706,Ornella Bankole,TOR,F,2026
1643154,Kyra Lambert,IND,F,2025
1630154,Kamiah Smalls,ATL,F,2025
1642796,Rayah Marshall,CON,F,2026
1628304,Yvonne Anderson,MIN,F,2025
