TEAM_ID,TEAM_ABBREVIATION,TEAM_NAME,SEASON,GP,W,MIN,FGM,FGA,FG3M,FG3A,FTM,FTA,OREB,DREB,REB,AST,TOV,STL,BLK,PF,PTS,PLUS_MINUS,L,W_PCT,FG_PCT,FG3_PCT,FT_PCT,PACE
1611661313,NYL,New York Liberty,2024,40,32,200.0,30.8,68.7,10.1,29.0,14.0,17.2,8.4,28.1,36.6,22.8,13.8,7.9,4.5,15.4,85.6,9.2,8,0.8,0.448,0.349,0.814,97.9
1611661313,NYL,New York Liberty,2025,44,27,200.0,29.6,65.3,9.5,26.8,15.6,18.7,6.8,26.9,33.7,21.8,13.8,7.6,4.4,16.2,84.4,4.1,17,0.614,0.453,0.355,0.837,96.8
1611661313,NYL,New York Liberty,2026,33,20,201.5,31.1,66.8,10.3,28.9,18.3,21.4,8.1,26.9,35.0,20.9,15.0,6.1,4.2,18.5,90.7,3.7,13,0.606,0.465,0.355,0.853,99.0
1611661317,PHO,Phoenix Mercury,2024,40,19,201.2,29.1,66.3,8.5,26.2,14.7,18.4,6.7,25.6,32.3,19.8,14.1,6.6,4.7,16.9,81.4,-3.3,21,0.475,0.439,0.326,0.799,97.6
1611661317,PHX,Phoenix Mercury,2025,44,27,200.0,29.7,68.6,9.4,27.7,13.9,17.8,8.7,26.0,34.7,20.9,13.5,7.8,3.7,17.8,82.8,2.7,17,0.614,0.433,0.34,0.784,97.5
1611661317,PHX,Phoenix Mercury,2026,34,12,200.7,28.9,65.3,7.7,24.1,18.1,23.1,6.9,24.4,31.3,19.9,13.5,7.2,3.2,18.3,83.6,-3.9,22,0.353,0.442,0.321,0.783,98.2
1611661319,LVA,Las Vegas Aces,2024,40,27,200.6,30.9,68.1,9.4,26.4,15.2,18.3,5.6,28.5,34.1,20.5,11.6,7.0,5.0,16.5,86.4,5.5,13,0.675,0.454,0.355,0.828,98.4
1611661319,LVA,Las Vegas Aces,2025,44,30,200.0,29.7,67.6,9.1,25.9,15.2,18.5,8.1,25.4,33.5,19.6,13.0,7.5,4.9,16.6,83.6,2.9,14,0.682,0.439,0.351,0.824,96.8
1611661319,LVA,Las Vegas Aces,2026,33,22,201.5,33.3,68.3,8.4,23.4,16.0,20.0,7.5,26.3,33.8,22.2,12.4,6.9,5.0,17.8,91.0,3.4,11,0.667,0.488,0.358,0.8,97.7
1611661320,LAS,Los Angeles Sparks,2024,40,8,200.6,28.1,66.4,7.2,22.6,15.0,19.6,7.4,25.3,32.7,19.7,16.0,7.3,3.2,17.9,78.4,-7.2,32,0.2,0.423,0.32,0.765,100.0
1611661320,LAS,Los Angeles Sparks,2025,44,21,201.7,30.7,67.1,8.6,25.6,15.7,20.4,8.0,25.3,33.3,20.7,15.0,7.2,3.1,16.9,85.7,-2.6,23,0.477,0.457,0.337,0.769,98.9
1611661320,LAS,Los Angeles Sparks,2026,31,12,200.8,32.2,69.1,9.0,26.6,15.8,20.1,7.6,23.4,31.0,22.0,14.7,7.5,3.2,19.8,89.2,-4.4,19,0.387,0.467,0.337,0.786,101.5
1611661321,DAL,Dallas Wings,2024,40,9,201.9,31.6,71.0,6.2,19.2,14.6,18.6,10.5,24.3,34.8,20.4,15.6,7.1,4.0,18.5,84.2,-7.9,31,0.225,0.446,0.326,0.786,100.3
1611661321,DAL,Dallas Wings,2025,44,10,200.6,30.2,71.4,6.6,21.6,14.8,18.4,10.0,25.3,35.4,20.2,13.9,7.3,4.0,18.9,81.7,-6.3,34,0.227,0.423,0.304,0.802,99.7
1611661321,DAL,Dallas Wings,2026,33,19,201.5,33.3,71.7,8.2,24.1,14.1,17.9,8.8,25.4,34.1,21.9,11.9,6.8,3.5,18.5,88.9,2.6,14,0.576,0.464,0.34,0.788,98.5
1611661322,WAS,Washington Mystics,2024,40,14,201.2,29.0,67.0,9.7,26.6,11.5,15.0,7.1,24.8,31.8,21.6,16.0,7.3,3.4,18.4,79.3,-3.0,26,0.35,0.433,0.366,0.767,98.5
1611661322,WAS,Washington Mystics,2025,44,16,200.6,28.0,63.7,5.6,17.1,15.6,20.7,7.7,25.3,33.0,19.2,15.3,6.5,3.2,18.2,77.1,-4.4,28,0.364,0.439,0.329,0.754,96.1
1611661322,WAS,Washington Mystics,2026,31,19,204.8,28.6,65.1,5.9,19.6,18.9,25.8,10.3,27.2,37.5,19.2,16.0,5.5,4.0,20.2,82.0,-0.6,12,0.613,0.44,0.3,0.732,96.3
1611661323,CON,Connecticut Sun,2024,40,28,201.2,29.2,65.9,5.9,18.0,15.7,20.9,8.4,25.1,33.4,19.9,13.3,8.2,3.6,16.1,80.1,6.5,12,0.7,0.444,0.327,0.753,95.5
1611661323,CON,Connecticut Sun,2025,44,11,200.6,27.6,67.1,6.2,20.4,14.5,18.2,8.5,23.3,31.9,17.4,14.0,7.8,3.7,19.6,75.8,-10.1,33,0.25,0.412,0.302,0.793,96.4
1611661323,CON,Connecticut Sun,2026,31,8,200.8,29.5,68.0,5.5,18.7,15.1,21.7,9.3,23.6,32.9,19.2,14.9,8.2,4.6,22.9,79.7,-7.2,23,0.258,0.434,0.297,0.696,99.4
1611661324,MIN,Minnesota Lynx,2024,40,30,201.9,30.1,67.3,9.5,25.0,12.2,15.5,7.4,26.8,34.2,23.0,14.2,8.6,4.2,16.4,82.0,6.4,10,0.75,0.448,0.38,0.79,96.2
1611661324,MIN,Minnesota Lynx,2025,44,34,200.6,32.1,68.1,9.6,25.4,12.2,16.1,8.5,25.6,34.2,23.3,13.0,8.2,4.8,16.0,86.1,9.4,10,0.773,0.472,0.378,0.76,95.3
1611661324,MIN,Minnesota Lynx,2026,34,27,200.0,34.7,71.6,9.4,23.7,14.0,17.4,9.8,25.1,34.9,22.1,13.1,9.1,4.6,18.4,92.9,9.0,7,0.794,0.485,0.396,0.807,99.1
1611661325,IND,Indiana Fever,2024,40,20,200.6,31.2,68.5,9.2,25.8,13.3,17.1,8.3,26.8,35.0,20.4,15.3,5.9,4.3,18.2,85.0,-2.7,20,0.5,0.456,0.356,0.775,99.4
1611661325,IND,Indiana Fever,2025,44,24,200.6,31.4,68.8,8.3,24.0,13.8,18.0,8.8,24.6,33.4,20.6,14.0,7.7,2.8,18.6,84.9,3.4,20,0.545,0.456,0.346,0.77,97.9
1611661325,IND,Indiana Fever,2026,32,20,202.3,33.4,68.8,10.2,26.4,18.9,23.0,8.1,25.5,33.6,20.8,15.4,6.7,4.0,22.0,95.9,5.5,12,0.625,0.485,0.387,0.824,102.2
1611661327,PDX,Portland Fire,2026,32,13,203.1,30.8,67.8,10.2,28.7,15.2,18.6,7.5,22.1,29.6,20.8,15.4,7.4,3.7,22.2,87.0,-4.8,19,0.406,0.454,0.356,0.818,99.0
1611661328,SEA,Seattle Storm,2024,40,25,201.2,31.0,71.3,6.0,21.0,15.1,18.0,8.6,26.0,34.6,20.6,13.1,9.3,5.2,16.5,83.2,4.5,15,0.625,0.435,0.288,0.84,99.7
1611661328,SEA,Seattle Storm,2025,44,23,201.1,31.1,69.2,7.5,22.1,12.3,16.0,6.9,24.0,30.9,21.3,12.2,8.5,5.1,17.1,82.1,2.0,21,0.523,0.45,0.342,0.771,97.3
1611661328,SEA,Seattle Storm,2026,34,6,200.7,29.7,68.5,8.5,26.1,15.0,19.0,8.3,25.1,33.3,19.2,14.8,7.6,4.3,20.1,83.0,-5.7,28,0.176,0.434,0.324,0.791,99.7
1611661329,CHI,Chicago Sky,2024,40,13,200.0,29.7,70.3,4.8,14.9,13.2,17.8,10.8,25.8,36.6,19.0,14.3,7.0,3.8,19.0,77.4,-5.1,27,0.325,0.422,0.323,0.742,97.9
1611661329,CHI,Chicago Sky,2025,44,10,200.0,28.0,66.0,6.7,20.2,13.0,17.1,9.8,25.7,35.5,19.3,16.9,6.0,4.2,17.8,75.8,-10.0,34,0.227,0.425,0.33,0.763,96.8
1611661329,CHI,Chicago Sky,2026,32,12,201.6,31.2,69.8,7.6,23.2,18.2,23.8,7.8,25.0,32.8,21.7,13.1,7.1,4.7,21.3,88.2,-1.7,20,0.375,0.447,0.326,0.764,101.9
1611661330,ATL,Atlanta Dream,2024,40,15,201.9,27.8,68.1,6.0,19.4,15.4,20.0,9.2,26.9,36.1,18.4,13.8,7.2,3.7,16.8,77.0,-2.8,25,0.375,0.408,0.308,0.771,96.8
1611661330,ATL,Atlanta Dream,2025,44,30,200.6,30.1,67.8,9.6,28.4,14.7,18.7,8.9,27.7,36.6,21.4,12.5,6.8,4.5,15.8,84.4,7.6,14,0.682,0.443,0.337,0.786,95.4
1611661330,ATL,Atlanta Dream,2026,31,19,200.0,30.8,71.0,8.1,26.4,19.2,24.8,11.1,23.7,34.9,20.6,13.9,9.2,3.2,19.7,89.0,3.3,12,0.613,0.434,0.308,0.775,101.7
1611661331,GSV,Golden State Valkyries,2025,44,23,200.6,26.5,65.2,9.7,29.9,15.0,18.4,8.7,26.6,35.3,18.5,14.2,6.8,2.9,17.5,77.7,1.4,21,0.523,0.407,0.325,0.815,94.1
1611661331,GSV,Golden State Valkyries,2026,32,23,200.0,28.8,67.9,10.9,30.8,14.8,19.0,9.2,23.4,32.5,19.2,11.4,7.6,4.0,19.8,83.3,6.2,9,0.719,0.425,0.353,0.776,94.1
1611661332,TOR,Toronto Tempo,2026,31,10,200.8,30.2,67.5,10.1,28.2,17.0,20.7,8.1,23.1,31.2,20.2,14.6,7.1,3.1,21.4,87.4,-6.3,21,0.323,0.447,0.357,0.82,99.4
